USE ivolunteer;

INSERT INTO INTEREST_AREA VALUES ('098B6E61-7730-42BA-B148-EB88595C4B58','Animal Protection and Welfare');
INSERT INTO INTEREST_AREA VALUES ('2B30D514-BE69-406B-AEB2-122DF73B5726','Environment');
INSERT INTO INTEREST_AREA VALUES ('1E53FF70-280B-4D43-938F-0081BB136689','Arts and Culture');
INSERT INTO INTEREST_AREA VALUES ('D4E38840-FF97-41A3-A8A7-3EC4BD88C128','Civil/Social Action');
INSERT INTO INTEREST_AREA VALUES ('366D3165-330D-4B60-9551-0BC49967A0DD','Education');
INSERT INTO INTEREST_AREA VALUES ('04794D35-6510-4467-95C8-7DA22CD34EB4','Health and Medicine');
INSERT INTO INTEREST_AREA VALUES ('EB374FB0-C31F-4E6B-9CAA-E298BA7D8446','Human  Services');
INSERT INTO INTEREST_AREA VALUES ('A063EACD-B81F-4F0C-A7A7-856228D72F40','Disaster Relief/Emergency Preparedness');
INSERT INTO INTEREST_AREA VALUES ('C79B9A2F-F11F-443C-B360-E72FF16B4BED','Religion');
INSERT INTO INTEREST_AREA VALUES ('98B2B50F-9752-486F-89F9-EAE0F774B951','Children and Youth');
INSERT INTO INTEREST_AREA VALUES ('8EC4EFA6-4095-420D-B497-652FBE9CD96B','Uncategorized');


INSERT INTO SOURCE VALUES ('7171AF1B-216A-4B6F-B168-9F4523077661','Hands on Network','vomlSessionBean','http://www.handsonnetwork.org/', 'http://demo.handsonnetwork.org/voml/');
INSERT INTO API VALUES ('3A97A707-6D7B-4E50-BBF4-74B8D468E31E','7171AF1B-216A-4B6F-B168-9F4523077661','?feed=handsonnetwork.org',0,'handson');
INSERT INTO API VALUES ('2DAE0AC3-D8D5-4352-9E88-FB990DA2CC0A','7171AF1B-216A-4B6F-B168-9F4523077661','?feed=1-800-volunteer.org',0,'800vol');

INSERT INTO SOURCE_INTEREST_MAP VALUES ('07908664-83CB-4C3C-BB7A-78A8DBEDDAD1','7171AF1B-216A-4B6F-B168-9F4523077661','1','098B6E61-7730-42BA-B148-EB88595C4B58');
INSERT INTO SOURCE_INTEREST_MAP VALUES ('9E1837F4-EEA8-47AF-9F61-E5680BA636DC','7171AF1B-216A-4B6F-B168-9F4523077661','1','2B30D514-BE69-406B-AEB2-122DF73B5726');
INSERT INTO SOURCE_INTEREST_MAP VALUES ('53E280AE-517C-44E4-BB15-F4767B307E3A','7171AF1B-216A-4B6F-B168-9F4523077661','2','1E53FF70-280B-4D43-938F-0081BB136689');
INSERT INTO SOURCE_INTEREST_MAP VALUES ('3A17F127-2951-48B1-8CCA-0D958DA87726','7171AF1B-216A-4B6F-B168-9F4523077661','3','D4E38840-FF97-41A3-A8A7-3EC4BD88C128');
INSERT INTO SOURCE_INTEREST_MAP VALUES ('7BE0966A-DF9E-4750-8FDF-6B2FF537CEFA','7171AF1B-216A-4B6F-B168-9F4523077661','4','366D3165-330D-4B60-9551-0BC49967A0DD');
INSERT INTO SOURCE_INTEREST_MAP VALUES ('09650E44-AB16-431C-93DD-1E6C8AB20746','7171AF1B-216A-4B6F-B168-9F4523077661','5','04794D35-6510-4467-95C8-7DA22CD34EB4');
INSERT INTO SOURCE_INTEREST_MAP VALUES ('16558B69-C8FF-47A9-BF48-E41ED737FC1F','7171AF1B-216A-4B6F-B168-9F4523077661','6','EB374FB0-C31F-4E6B-9CAA-E298BA7D8446');
INSERT INTO SOURCE_INTEREST_MAP VALUES ('DE2C1223-B07B-435C-A8D6-EC23378667D2','7171AF1B-216A-4B6F-B168-9F4523077661','7','A063EACD-B81F-4F0C-A7A7-856228D72F40');
INSERT INTO SOURCE_INTEREST_MAP VALUES ('9CC889EF-5D28-4307-A3FD-0F8A9AAE81CA','7171AF1B-216A-4B6F-B168-9F4523077661','8','C79B9A2F-F11F-443C-B360-E72FF16B4BED');
INSERT INTO SOURCE_INTEREST_MAP VALUES ('FDE94C11-B679-4CE6-90DD-5BB65B67CA73','7171AF1B-216A-4B6F-B168-9F4523077661','9','98B2B50F-9752-486F-89F9-EAE0F774B951');
INSERT INTO SOURCE_INTEREST_MAP VALUES ('D68E008F-A94C-4331-AE5A-D3688FC77296','7171AF1B-216A-4B6F-B168-9F4523077661','10','A063EACD-B81F-4F0C-A7A7-856228D72F40');

INSERT INTO ORGANIZATION_TYPE VALUES ('8190FFB1-DCFB-4BC5-86D5-586FCADE7EC6','Non-Profit');
INSERT INTO ORGANIZATION_TYPE VALUES ('FD96F94A-7B44-4EE1-B4A6-0D9686ED4C48','Government');
INSERT INTO ORGANIZATION_TYPE VALUES ('6BCDFFC9-6480-4A31-B1EC-5C70F40C81F6','School');

INSERT INTO TIMEFRAME VALUES ('0EBCA9B6-A050-4441-ACDD-D6703A9B1A6D', 'All', 0);
INSERT INTO TIMEFRAME VALUES ('9534A02F-21B5-4FFE-AD60-F998BE6DED95', '1 Week', 604800000);
INSERT INTO TIMEFRAME VALUES ('87DC7D7B-CCC7-4EC2-B56F-80EAA3776255', '2 Weeks', 1209600000);
INSERT INTO TIMEFRAME VALUES ('D94883FA-92F7-43A6-B72A-115985583E7C', '1 Month', 2419200000);

INSERT INTO DISTANCE VALUES ('2DA08E5C-6C10-492E-8F98-39BFC1A4DE02', 5);
INSERT INTO DISTANCE VALUES ('668E2229-5C16-40E8-9A7A-6450785AE930', 10);
INSERT INTO DISTANCE VALUES ('1971B3EF-F8AB-4B70-A783-BBD7773ABB44', 25);
INSERT INTO DISTANCE VALUES ('785ED2FC-F6FC-45A2-BEA1-6BCDC60C2479', 50);
INSERT INTO DISTANCE VALUES ('265F52EC-D37C-4F22-9AB2-6C75BA7D2105', 100);

